" ";"Адрес";"Объект";"Административный округ";"Ответственный менеджер";"Тип обследования (ОС, ТС, ПС, Видео, Переключение, М/П, Скуд)";"номер хоз";"Статус заявки";"Исполнитель /дата";"Комментарий";"Срок исполнения (Dead Time)";"Latitude";"Longitude";"1 USD = 76,7586363 р";"1 EURO = 90,8 р";"Ссылка"
"22.09.2025";"Москва Аминьевское ш.д.32";"Электромонтаж";"Давыдково";"Супонников Михаил";"п/н 83237 Меняем полностью старую ОС";"Сергей Гладков 8-905-5068063";"назначено";"насим 23.09";"-";"Wed Sep 23 2026 17:00:00 GMT-0400 (Eastern Daylight Time)";"55.7196984";"37.451619";"-";"-";"-"
"24.09.2025";"г. Тверь, пер-к Беляковский, дом 31";" Гостиница "" Hotel-City""";"Тверь ";" Евгений Александрович Христенко. 8-906-753-62-55, hristenkoeu@yandex.ru";"Обследование на предмет установки ПС. Заказчик может в режиме видеоконференции показать все помещения, если это поможет избежать выезда.  Если так невозможно, то едем осматривать.";"Анастасия -+7 (952) 065-11-06";"назначено";"подряд ок";"-";"-";"56.8585394";"35.8793706";"-";"-";"-"
"29.09.2025";"Москва ,ул, Бакинская д ,15,кв,2 ,пд 1";"Квартира";"Царицыно";"Корнев Данила , 89957933845,d.kornev@ohrana-neva.ru";"ОС провод";"Илья 89154961070";"назначено";"Клиент просит обследовать 29.09-30.09.,";"-";"Tue Sep 29 2026 17:00:00 GMT-0400 (Eastern Daylight Time)";"55.6208969";"37.6590591";"-";"-";"-"
"07.10.2025";"Московская обл., Ленинский район, д. Богданиха, ул. Ленина, дом 31/1.";"ЧД)";"-";"Дубовик Александр 8967 305 10 20";"Клиент хочет подключить передачу сигнала ОС через интернет, нужно проверить, возможно это или нет, если такая возможность есть - реализовать, составить акт и выслать мне.";"Чижиков Сергей Анатольевич   8-916-941-98-02";"назначено";"клиент готов принять техника только 19.10.2025 (ЭТО ВЫХОДНОЙ ДЕНЬ)";"Сделан монтаж";"Mon Oct 19 2026 17:00:00 GMT-0400 (Eastern Daylight Time)";"55.5411525";"37.8724589";"-";"-";"-"
"07.10.2025";"Московская область, г. Талдом, мкр. Юбилейный, д.46а,";"для нужд ГБУ СО МО ""КЦСОР ""Талдомский""";"-";"Задача № 698453 + ПРОЕКТИРОВЩИК ТУРОВ ДМИТРИЙ";"азание услуг по разработке проектной документации на системы противопожарной защиты ";"89683823221 Ирина Ивановна";"назначено";"кошелев 14.10";"-";"Wed Oct 14 2026 17:00:00 GMT-0400 (Eastern Daylight Time)";"56.741445";"37.5348751";"-";"-";"-"
"07.10.2025";"г. Москва, ул. 3-я Кабельная, д. 1";"МФЮА МОСКОВСКИЙ ФИНАНСОВО-ЮРИДИЧЕСКИЙ УНИВЕРСИТЕТ";"Авиамоторная";"Севрюков Никита Сергеевич +7(938)46-00-222   n.sevriukov@ohrana-neva.ru";" Необходимо сделать расчёт, системы ПС, ОТС.  На объекте произошел ремонт, так же была достроена пристройка куда тоже необходима система ПС, на сколько мне известно тех.специалист был там в июне. ";"7 903 682-58-80 Елена Евгеньевна";"назначено";"новгородцев 08.10";"-";"Thu Oct 08 2026 17:00:00 GMT-0400 (Eastern Daylight Time)";"55.7467826";"37.7172287";"-";"-";"-"
"07.10.2025";"Москва г, вн.тер.г. муниципальный округ Ясенево, ул Профсоюзная, д. 63/344";"Пивновъ";"Калужская";"Сафин Максим 89996287015";"п/н 137805, Требуется обследование на предмет обслуживания ТО ПС. У кл уже есть пс на объекте. Сейчас делает то другая организация.";"Ян +7 915 161-50-84";"назначено";"новгородцев 08.10";"-";"Thu Oct 08 2026 17:00:00 GMT-0400 (Eastern Daylight Time)";"55.65423209999999";"37.5389517";"-";"-";"-"
"07.10.2025";"Москва Крупская 7";"""аренда помещений""";"Университет";" Михайлов Александр Юрьевич +7(999) 625 17 07 ";" на объекте нужно рассчитать охрану входной группы. Нужно позвонить заранее ответственному на объекте. Он объяснить как войти в помещение. Договор без МО, поэтому считаем только защиту входной группы.   ";"7 963 131-11-17 Степан ";"назначено";"насим 08.10";"-";"Thu Oct 08 2026 17:00:00 GMT-0400 (Eastern Daylight Time)";"55.6823663";"37.5283715";"-";"-";"-"
"16.10.2025";" г. Москва, 2-й Грайвороновский пр., д. 42, корп. 1";" ООО «ОКЕЙ ИНГЛИШ», Языковой центр «O’KEY ENGLISH»";"Стахановская";" Гаук Евгений Михайлович 8-936-555-12-44 / 8-977-393-94-62";"На объекте установлена наша ПС, монтаж 2019 года, проект не разрабатывался по причине задолженности клиента перед компанией и последующих судебных разбирательств. Необходимо зарисовать схему  расстановки оборудования с расшлейфовкой, чтобы после установки 27 резисторов в ДИПы разработать проектную документацию, с Маркушиным Андреем согласовано.";"Клиент: Даниил +7 985 261-50-56";"назначено";"новгородцев 17.10";"-";"Sat Oct 17 2026 17:00:00 GMT-0400 (Eastern Daylight Time)";"55.7247602";"37.7429286";"-";"-";"-"
"20.10.2025";"Москва, ул. Красноказамерннная, д. 3";"Склад";"Лефортово";"Киселев Александр Владимирович, a.kiselev@ohrana-neva.ru, +79943333994";"Принятие объекта на ТО ПС + МПС";"Ключников Виталий Алексеевич, тел. +7 9099787472";"назначено";"шатохин 23.10";"-";"Fri Oct 23 2026 17:00:00 GMT-0400 (Eastern Daylight Time)";"55.7604511";"37.6909752";"-";"-";"-"
"21.10.2025";" Москва, ул. Лобачика, 11, 3 этаж ";"Фитнес-клуб ""Zscipion""";"Красносельская";" Люманов Кирилл Денисович, 89275218484 .";"Необходимо обследование c целью проверки действующей ПС на возможность принятия её на ТО и мониторинг.";"Фролова Ольга Николаевна 8 958 500-82-28";"назначено";"шатохин 21.10";"-";"Wed Oct 21 2026 17:00:00 GMT-0400 (Eastern Daylight Time)";"55.78833849999999";"37.6629024";"-";"-";"-"
"21.10.2025";"Москва, 4-й Самотёчный пер., д. 9, подъезд 2, этаж 4";" Студия танцев ""GROOVELAB"" ";"Достоевская";" Люманов Кирилл Денисович, 89275218484 .";"Необходимо обследование c целью проверки действующей ПС на возможность принятия её на ТО и мониторинг.";"Фролова Ольга Николаевна 8 958 500-82-28";"назначено";"насим 22.10";"-";"Thu Oct 22 2026 17:00:00 GMT-0400 (Eastern Daylight Time)";"55.77884779999999";"37.6128886";"-";"-";"-"
"21.10.2025";"  г. Москва ул.Нижний Сусальный переулок, 9стр4А";"Клуб Виртуальной Реальности PORTAL VR";"Курская";" Берёзко Татьяна Александровна 89046339356 t.berezko@ohrana-neva.ru";"Необходимо сориентироваться по оборудованию для ОС, ТС. Связаться с клиентом, запланировать выезд. ";"-";"назначено";"попов 22.10";"-";"Thu Oct 22 2026 17:00:00 GMT-0400 (Eastern Daylight Time)";"55.7604786";"37.6668492";"-";"-";"-"
"22.10.2025";"Химки ул. 9 Мая стр 1А";"""Wilberries""";"Химки";"Рощин Сергей Сергеевич  89858171338";"-";"-";"назначено";"шишкинский 22.10";"-";"Thu Oct 22 2026 17:00:00 GMT-0400 (Eastern Daylight Time)";"55.8892946";"37.4288455";"-";"-";"-"
"22.10.2025";"МО.,г. Люберцы, ул. Инициативная 7В";" Дисконт центр ( Low Price дисконт центр ) ";"Люберцы";" Анатолий к 89661247700";"  ";"79266000595 Георгий 79775224142 Леонид";"назначено";"шатохин 24.10";"-";"Sat Oct 24 2026 17:00:00 GMT-0400 (Eastern Daylight Time)";"55.6852931";"37.8975125";"-";"-";"-"
"23.10.2025";"Москва г, вн.тер.г. муниципальный округ Ховрино, ул Дыбенко, д. 14, к. 2";"Ясли сад Kinder Academy)";"Беломорская";"Сафин Максим 89996287015";"п/н 137461 Требуется техник. Кл затопили и ПС теперь в нерабочем состоянии. Нужно что бы техник приехал оценил масштаб бедствия и написал что нужно для ремонта.";"Татьяна +7 968 745-30-85";"назначено";"насим 27.10";"-";"Tue Oct 27 2026 17:00:00 GMT-0400 (Eastern Daylight Time)";"55.870559";"37.4859368";"-";"-";"-"
"24.10.2025";"Химки ул 9 Мая стр 1А";"Пункт Выдачи Заказов Озон";"-";"Ахметкалиев Фархат Ханатович f.ahmetkaliev@ohrana-neva.ru 8-906-401-85-44";"посчитать новый монтаж ПС и ОСТС";"7 965 436-46-12 Вера";"назначено";"шишкинский 24.10";"-";"Sat Oct 24 2026 17:00:00 GMT-0400 (Eastern Daylight Time)";"55.8892946";"37.4288455";"-";"-";"-"
"27.10.2025";" Москва г, вн.тер.г. муниципальный округ Мещанский, ул Трифоновская, д. 56";"«Proswim» Магазин товаров для плавания";"Рижская";"Бурлакова Дарья Михайловна d.burlakova@ohrana-neva.ru 8-927-519-23-15";"п/н 1577 Клиент просит сделать обследование по Пс на этом объекте , было дооборудование от нас и было подключение их ПС , говорит что бывают проверки и возможно устарело, также световой вещатель не работает , прошу направить техника , чтобы проверил и посчитать что на замену ";"Станислав 7 903 571-28-41";"назначено";"шатохин 01.11";"-";"Sun Nov 01 2026 16:00:00 GMT-0500 (Eastern Standard Time)";"55.7891273";"37.6304822";"-";"-";"-"
"28.10.2025";"  Москва, 1я парковая 7а корпус 2";"помещение под аренду";"Измайловская";" Михайлов Александр 7999 625 17 07 ";" нужно провести обследование на новый монтаж ПС для дальнейшего принятия на ТО ПС + ПС мониторинг. Конкуренты считали смету на Гранит 8. Смету так же прикладываю. ";"лиент Сергей +7 926 270-85-59 ";"назначено";"шатохин 31.10";"-";"Sat Oct 31 2026 17:00:00 GMT-0400 (Eastern Daylight Time)";"55.7894976";"37.7767208";"-";"-";"-"
"28.10.2025";" г. Москва, Коровинское шоссе 7к1";"Kokos Beauty";"Селигерская";" Габричидзе Георгий Георгиевич +7(915)456-31-91 g.gabrichidze@ohrana-neva.ru";"Необходимо произвести обследование на предмет принятия объекта на ТО ПС";"89032138022 - Екатерина";"назначено";"гагик 17..11.2025";"-";"-";"55.8672041";"37.5387128";"-";"-";"-"
"28.10.2025";"г.Москва,пер.Кривоколенный.,д.10,стр.9 ";") ООО""Клиника частная практика""";"Чистые пруды";"Беликина Светлана Александровна 8(902)0959146 .";"Необходимо обследование для расчёта нового монтажа ОСТС. Так же необходима проверка действующей ПС на возможность принятия её на ТО и мониторинг, рассчитать новый монтаж ОС ПС из расчёта действующего оборудования клиента.";"Дядюх Игорь Викторович, +7 909 169-77-38";"назначено";"шатохин 01.11";"-";"Sun Nov 01 2026 16:00:00 GMT-0500 (Eastern Standard Time)";"55.76150329999999";"37.6365117";"-";"-";"-"
"28.10.2025";"Московская обл., г.о. Богородский, г. Ногинск, пер. Аптечный, д. 12, пом.1 ";"Хостел Абсолют";"-";"Максимов Максим 89275850105";"Требуется обследование на предмет установки речевых оповещателей (200 кв.метров).";"Оксана +79034797765";"назначено";"ковалев 31.10";"-";"Sat Oct 31 2026 17:00:00 GMT-0400 (Eastern Daylight Time)";"55.8784004";"38.4687413";"-";"-";"-"
"10.11.2025";" Московская обл., г. Балашиха, мкр Железнодорожный, ул. Струве, д. 11";" студия красоты "" Beautiful Skin """;"Балашиха";"Князев Никита Константинович тел.: +7-995-099-96-99";" на обследование ОТС+ПС гост.";"Контакт ЛПР - 8-977-814-58-11 Маргарита.";"назначено";"ковалев 10.11.2025";"-";"Tue Nov 10 2026 16:00:00 GMT-0500 (Eastern Standard Time)";"55.7365234";"37.9963124";"-";"-";"-"
"10.11.2025";"МО, Ленинский г.о., пгт Лопатино, дом 52.";"-";"Лопатино";" Евгений Александрович Христенко. 8-906-753-62-55, hristenkoeu@yandex.ru";"На обьекте установлена Система HIK-Connect. Необходимо ее проверить и вывести обьект на наш пульт охраны. Заключаем с клиентом договор.";"ХозЛицо - +7 914 675-56-45";"назначено";"даниелян 10.11.2025";"-";"Tue Nov 10 2026 16:00:00 GMT-0500 (Eastern Standard Time)";"55.5286444";"37.6438924";"-";"-";"-"
"20.10.2025";"г.Москва,ул.Изумрудная д.20";"ООО""РАДИО-МКТ""";"-";"Беликина Светлана Александровна 8(902)0959146 .";"Необходимо обследование для расчёта нового монтажа ОСТС. Так же необходима проверка действующей ПС на возможность принятия её на ТО и мониторинг";"Якупов Али Абдулаевич 8(916)685-71-64";"не назначено";"после 20.11.";"-";"-";"55.457751";"36.95670399999999";"-";"-";"-"
"12.11.2025";"Москва, Студеный проезд, дом 7 Г,";"Гастроном.";"Медведково";" Евгений Александрович Христенко. 8-906-753-62-55, hristenkoeu@yandex.ru";"Обследование на предмет установки ОС, ТС и ПС. Ремонт близится к завершению.";"Кирилл - +7-985-757-47-42";"назначено";"шатохин 12.11.2025";"-";"Thu Nov 12 2026 16:00:00 GMT-0500 (Eastern Standard Time)";"55.8934936";"37.66295119999999";"-";"-";"-"
"14.11.2025";"МО, Павлово-Посадский го, ДНТ Ефимовский Лес, 2-я линия, д. 63.";"коттедж";"Павлоский Посад ";"Коломыцева Марианна Эдгаровна Телефон : 8-904-427-53-10";"Объект загородный дом, требуется уличное видеонаблюдение";"79265665501 - Александр";"не назначено";"-";"клиент не берет трубку";"-";"55.7928384";"38.6958626";"-";"-";"-"
"17.11.2025";"М.О.г.Краснозаводск ул.Строителей д.16 2 х этажное здание 1этаж";"магазин чижик 2 этаж офисные помещения";"Краснозаводск";"Моторин Александр";"Осмотр ос пс и видео";"Николай +79036109301";"не назначено";"-";"-";"-";"56.4407647";"38.2405032";"-";"-";"-"
"19.11.2025";" г. Москва, ул. Люблинская, д. 72А, к. 1";" Нежилое помещение";"Братиславская";" Гаук Евгений Михайлович 8-936-555-12-44 / 8-977-393-94-62";"Обследовать на предмет нового монтажа ПС. Обязательно заложить Норд GSM для дальнейшего мониторинга ПС, модуль ethernet для связи и УК-ВК/02 вместе с работами по программированию и прокладки кабеля, для дальнейшего автоматического размыкания эвакуационных дверей (и закрытия заслонок вентиляции при срабатывании ПС, если таковая имеется).";"Клиент: Дмитрий 8-926-736-50-28; Константин 8-929-671-93-88  ";"назначено";"шатохин 24.11";"-";"Tue Nov 24 2026 16:00:00 GMT-0500 (Eastern Standard Time)";"55.6701509";"37.7395334";"-";"-";"-"
"19.11.2025";"г. Москва, 1-й Нижнелихоборский пр-д, д. 1";"Нежилое помещение";"Окружная";" Гаук Евгений Михайлович 8-936-555-12-44 / 8-977-393-94-62";"Обследовать на предмет нового монтажа ПС. Обязательно заложить Норд GSM для дальнейшего мониторинга ПС, модуль ethernet для связи и УК-ВК/02 вместе с работами по программированию и прокладки кабеля, для дальнейшего автоматического размыкания эвакуационных дверей (и закрытия заслонок вентиляции при срабатывании ПС, если таковая имеется).";"Клиент: Дмитрий 8-926-736-50-28; Константин 8-929-671-93-88  ";"назначено";"шатохин 24.11";"-";"Tue Nov 24 2026 16:00:00 GMT-0500 (Eastern Standard Time)";"55.8477186";"37.5644646";"-";"-";"-"
"20.11.2025";"Москва Луговая улица, 6 к1";"В гости Магазин цветов";"Аэропорт Внуково";" Задорожный Виктор Витальевич +79180526016 v.zadorojnyi@ohrana-neva.ru";" Взять на обслуживание исправную ПС, проверить на соответствие ГОСТу ";" 914 671-02-62 Вероника ";"назначено";"даниелян 21.11";"клиентка отказалась, пс общедомовая , мы не можем исп чужое оборудование ";"Sat Nov 21 2026 16:00:00 GMT-0500 (Eastern Standard Time)";"55.61528999999999";"37.2566425";"-";"-";"-"
"21.11.2025";"Москва, Партизанская ул., 24";" Стоматология Просмайл";"Молодёжная";" Ильина Надежда Викторовна , n.ilina@ohrana-neva.ru, +79217808756 .";" Нужно провести обследование по ПС + ТС, рассмотреть возможность переключения ТС + принятие на ТО ПС";"9035585844 Василий Васильевич ";"назначено";"-";"-";"-";"55.73547670000001";"37.412881";"-";"-";"-"
"21.11.2025";" г. Москва, Обручева улица, д. 55 А";"Стоматология Просмайл";"Зюзино";" Ильина Надежда Викторовна , n.ilina@ohrana-neva.ru, +79217808756 .";" Нужно провести обследование по ПС + ТС, рассмотреть возможность переключения ТС + принятие на ТО ПС";"9035585844 Василий Васильевич ";"назначено";"новгородцев 26.11";"-";"Thu Nov 26 2026 16:00:00 GMT-0500 (Eastern Standard Time)";"55.6507245";"37.560065";"-";"-";"-"
"21.11.2025";" Красногорск , микрорайон Тёплый Бетон,";" Огонек, детский сад";"Красногорск";") Ильина Надежда Викторовна , n.ilina@ohrana-neva.ru, +79217808756 . ";"-";"-";"назначено";"дурновцев 24.11";"-";"Tue Nov 24 2026 16:00:00 GMT-0500 (Eastern Standard Time)";"55.8263313";"37.326297";"-";"-";"-"
"26.11.2025";" г. Москва, ул. Усачева, 29к1";"Медицинский офис ""Анализы ДНКОМ"".";"Спортивная";"Мозговой Иван — 8-962-990-51-27.";"Обследование ОС+ТС.";"Вадим — 89299606888.";"назначено";"гагик 27.11";"-";"Fri Nov 27 2026 16:00:00 GMT-0500 (Eastern Standard Time)";"55.724435";"37.563829";"-";"-";"-"
"28.11.2025";" МО,г.Пушкино, Вокзальная площадь, ул.Вокзальная";"помещение ";"Пушкино";" Сергей Михно";"Обследовать новое помещение на ОС+ТС ТО ПС";"Дмитрий 89166717688";"назначено";"шатохин Техника ожидают в среду 03.12.2025 г.";"-";"Thu Dec 03 2026 16:00:00 GMT-0500 (Eastern Standard Time)";"55.965512";"37.9046085";"-";"-";"-"
"01.12.2025";"Московская обл., г. Химки, ул. Некрасова, (Сходня мкр) д..2, стр.1, ";"Цех 20";"-";" Задорожный Виктор Витальевич +79180526016 vit.zadorozhniy@yandex.ru";" Установка ПС с нуля по ГОСТу";"7 903 594-20-58 Сергей ";"назначено";"дурновцев 11.12";"-";"Fri Dec 11 2026 16:00:00 GMT-0500 (Eastern Standard Time)";"55.9423705";"37.2786353";"-";"-";"-"
"01.12.2025";"Москва, Ленинская Слобода, дом 26, ";"Кофейня ""Surf Coffee&Lilo""";"Автозаводская";"Евгений Александрович Христенко. 8-906-753-62-55, hristenkoeu@yandex.ru";"Обследование на предмет установки ОС, ТС. ( Спросить про ПС тоже, на всякий случай).";"ХозЛицо - Хулан - 8-(985)-800-34-89";"назначено";"шатохин 01.12";"-";"Tue Dec 01 2026 16:00:00 GMT-0500 (Eastern Standard Time)";"55.70985040000001";"37.6544602";"-";"-";"-"
"02.12.2025";" г. Москва, ул. Ярцевская, 32";"Центр красоты,";"Молодёжная";"Мозговой Иван - 89629905127.";" Ремонт ПС + Обследование ОС+ТС.";" Ренат — 89151414256.";"назначено";"гагик 02,12";"-";"-";"55.7415597";"37.4175591";"-";"-";"-"
"02.12.2025";"МО, Белоозерский, Молодежная, 12А";"аптека планета здоровья";"Белоозерский/Бронницы";".Пряшников Д.Ю.";"п/н 91021 .Нужно осбледовать ПС и ОС, чтобы могли ставиться на охрану.";" Ермакова Юлия Юрьевна 926 580-35-51, 8499 670-07-16 24";"назначено";"ковалев 11.12";"-";"Fri Dec 11 2026 16:00:00 GMT-0500 (Eastern Standard Time)";"55.4616385";"38.4329832";"-";"-";"-"
"02.12.2025";"г. Москва п. Сосенское ул. Александры Монаховой д.101 ";" Офис ООО ""Логистик групп""";"Потапово";"Ильина Надежда Викторовна , n.ilina@ohrana-neva.ru, +79217808756 . ";" Необходимо обследование для расчёта нового монтажа ОСТС. Так же необходима проверка действующей ПС на возможность принятия её на ТО и мониторинг. Если ПС не в норме рассчитать новый монтаж. Рассчитать новый монтаж ОСТС";"7 980 269-00-29 Михаил";"назначено";"гагик 03.12";"-";"Thu Dec 03 2026 16:00:00 GMT-0500 (Eastern Standard Time)";"55.5404577";"37.4927473";"-";"-";"-"
"04.12.2025";"г Домодедово, мкр. Южный, ул Курыжова, д. 14, к. 1,";"ООО «БВС групп» коммерческие помещения";"Домодедово";"Гусев Павел Игоревич тел.: +7-916-915-77-55 www.ohrana-neva.ru";" Обследовать объект для принятия на ТО ПС -";"Елена 89154220646 (заранее набрать)";"назначено";"ковалев 05.12";"-";"Sat Dec 05 2026 16:00:00 GMT-0500 (Eastern Standard Time)";"55.3979084";"37.7708536";"-";"-";"-"
"07.12.2025";"Мытищи ул. Мира, 35";"Карл у Клары";"Мытищи";"Жмулин Никита +7 967 168-46-68 / n.jmulin@ohrana-neva.ru";"ПС провод / без провод ";"7 (999) 243-94-72 - Новиков Егор Олегович";"назначено";"соколов 08.12";"-";"Tue Dec 08 2026 16:00:00 GMT-0500 (Eastern Standard Time)";"55.9174912";"37.7222922";"-";"-";"-"
"10.12.2025";" Москва г, вн.тер.г. муниципальный округ Лосиноостровский, проезд Анадырский, д. 47, к. 3, кв. 29";"Кофейня «wow tortik";"Бабушкинская";"Михайлов Александр 7999 625 17 07 ";"п/н 22156   У клиента на объекте охрана в тревоге. приезжал ГБР и говорит что не работает КТС и датчики. ГБР сообщил что нужен технический специалист  ";"7 929 563-97-11 Ирина клиент ";"назначено";"насим 15.12";"-";"Tue Dec 15 2026 16:00:00 GMT-0500 (Eastern Standard Time)";"55.87555829999999";"37.6980546";"-";"-";"-"
"15.12.2025";"МО, Мытищи, ул. Комарова, дом 5";"Ветеринарная клиника";"мытищи";"Евгений Александрович Христенко. 8-906-753-62-55, hristenkoeu@yandex.ru";"Обследование на предмет установки ПС. Рассчитать варианты и с мониторингом, и без него. Ранее мы уже просчитывали данный обьект, но там сделали перепланировку и нужен дополнительный выезд для осмотра.";"ХозЛицо - Кирилл - +7 985 760-49-56";"назначено";"щукин 23.12";"-";"Wed Dec 23 2026 16:00:00 GMT-0500 (Eastern Standard Time)";"55.9167536";"37.7464434";"-";"-";"-"
"22.12.2025";" г. Москва, п. Сосенское, Велакеса б-р, д.7, корп. 3";"Клиника косметологии";"Корниловская";" Берёзко Татьяна Александровна 89046339356 t.berezko@ohrana-neva.ru";"Делаем полное обследование по ОС - у них оборудование в аренде- будет полная замена. И полное обследование по ПС- дальнейшее подключение на ТОПС и Мониторинг ПС";"Юлия Владимировна директор +7 926 143-14-35";"назначено";"гагик 22.12";"-";"Tue Dec 22 2026 16:00:00 GMT-0500 (Eastern Standard Time)";"55.593937";"37.45972";"-";"-";"-"
"25.12.2025";"г. Москва, Днепропетровская ул. д. 3 корп. 1";"Мясной магазин Ломтик";"Южная";"Михно СС 9858891000  s.mixno@ohrana-neva.ru";"Охранная сигнализация (ОС), Мониторинг ПС";"89859748800";"назначено";"батыр 25.12.2025";"-";"Fri Dec 25 2026 16:00:00 GMT-0500 (Eastern Standard Time)";"55.6215486";"37.605249";"-";"-";"-"
"16.01.2026";"Московская обл, г.о. Щёлково, г Щёлково, ул Парковая, д. 7";"Клиника «Доброе дело Щелково»";"-";"Михайлов Александр 7999 625 17 07 ";"п/н  138535 На объекте есть установленная ПС система в каком состоянии не известно. На объекте появилось 7 дополнительных кабинетов, подарку просили рассчитать туда. Но возможно расчет потребуется на весь объект. Объект большой, объект действующий по ОС ";"Алиса 7966 113 11 19 ";"назначено";"шатохин 22.01";"-";"Thu Jan 22 2026 16:00:00 GMT-0500 (Eastern Standard Time)";"55.92040360000001";"37.9878588";"-";"-";"-"
"16.01.2026";"МО Ленинский г.о. пгт Мисайлово микр-н Пригород Лесное ул.им.Л.И.Гоман д.5";"Уфанет";"-";"Супонников Михаил";"Обследование ОС+ТС.";"Калашников Владимир 8-950-1878618";"назначено";"терехов 20.01";"-";"Tue Jan 20 2026 16:00:00 GMT-0500 (Eastern Standard Time)";"55.5576085";"37.8084214";"-";"-";"-"
"19.01.2026";"  Москва,  Малый Купавенский проезд, 12Б";" ООО "" Вассал"", Автомойка ""ТехноМаркет"" 24 часа";"Первомайская";"   Беликина Светлана Александровна 8 902 095 91 46";"     Нужно провести обследование ,на возможность оборудования клиента ОСТС, автомойка, материальная ответственности нет.";"     Кравец Андрей Александрович директо 89057970230";"назначено";"щукин 23.01";"-";"Fri Jan 23 2026 16:00:00 GMT-0500 (Eastern Standard Time)";"55.783027";"37.840139";"-";"-";"-"
"20.01.2026";" МО, г.о. Воскресенск, г. Белоозерский, ул. Юбилейная, здание 4б, ТЦ";" аптека планета здоровья";"Воскресенск";".Пряшников Д.Ю.";"прошу посчитать ос+тс+2 стац ктс+ПС.";"-";"назначено";"АВ по фото";"-";"-";"55.2973079";"38.7324957";"-";"-";"-"
"22.01.2026";"Москва.ул Северная 3-я Линия, д. 1";"Склад";"Долгопрудный ";"Коломыцева Марианна Эдгаровна  тел. : +7-904-427-53-10 m.kolomyceva@ohrana-neva.ru";".Обследование пс клиента   для взятие на ТО раз в квартал , оборудование  на объекте ""Сигнал 10""";"Гилязов Юсуф Искандерович +7985-998-41-84 ";"назначено";"дурновцев 27.01";"-";"Tue Jan 27 2026 16:00:00 GMT-0500 (Eastern Standard Time)";"55.7643109";"37.8893156";"-";"-";"-"
"27.01.2026";"  Московская область, г.о. Одинцовский, пгт. Новоивановское, б-р Эйнштейна, д.3, помещ.13.";"Медицинская лабораториядиагностический центрмедцентр, клиника ДНКОМ";"-";" Ахметкалиев Фархат Ханатович f.ahmetkaliev@ohrana-neva.ru 8-906-401-85-44";" клиент хочет принять на ТО ПС, просьба проверить состояние ПС и проверить наличие проекта ПС на обьекте";"Игорь 8-925-695-01-18";"назначено";"даниелян 28.01";"-";"Wed Jan 28 2026 16:00:00 GMT-0500 (Eastern Standard Time)";"55.7014782";"37.3627661";"-";"-";"-"
"26.01.2026";" г.Москва, Новомосковский административный округ, район Коммунарка, улица Василия Ощепкова д. 3  ";"Медицинская лабораториядиагностический центрмедцентр, клиника ДНКОМ";"Новомосковская";"Ахметкалиев Фархат Ханатович f.ahmetkaliev@ohrana-neva.ru 8-906-401-85-44";"клиент хочет принять на ТО ПС, просьба проверить состояние ПС и проверить наличие проекта ПС на обьекте";" Игорь 8-925-695-01-18";"назначено";"гагик 28.01";"-";"Wed Jan 28 2026 16:00:00 GMT-0500 (Eastern Standard Time)";"55.5536111";"37.4643587";"-";"-";"-"
"28.01.2026";"Москва Ватутина 13к1, Б";"Многопрофильный медицинский центр «Альгида»";"Давыдково";" Ильина Надежда Викторовна , n.ilina@ohrana-neva.ru, +79263818756 .";"Необходимо провести обследование уже имеющейся  ОСТС. Так же необходима проверка действующей ПС на возможность принятия её на ТО и мониторинг. Если ПС не в норме рассчитать новый монтаж. Рассчитать новый монтаж ОСТС, если действующая ОСТС не в норме";"7 965 229 2092 Сергей Николаевич";"назначено";"гагик 02.02";"-";"Mon Feb 02 2026 16:00:00 GMT-0500 (Eastern Standard Time)";"55.7210796";"37.4524976";"-";"-";"-"
"29.01.2026";" Москва, ул. Нижние Мневники д 16 к.4";". Новая Буханка";"Молодёжная";"""Мен. Ткаченко В.Н. 89256603542 tka4enko.neva@yandex.ru""";"Обратился клиент наш, сняли помещение, там уже все установлено по ПС и Мониторингу: На объекте смонтирована пожарная сигнализация на базе «Гранит-8», устройство мониторинга Норд GSM Air. Пожарная сигнализация защищает помещения пекарни «Буханки», кофейни «Кружок» (включая офисные помещения). «Гранит-8» расположен в подсобке ""Буханки"" Жду данные для фзч, чтобы могли подключить Мониторинг и взять на ТО";" Тарас - 89250218232";"назначено";"гагик 02.02";"-";"Mon Feb 02 2026 16:00:00 GMT-0500 (Eastern Standard Time)";"55.74818459999999";"37.427323";"-";"-";"-"
"30.01.2026";"Московская обл., г. Мытищи, Тенистый б-р, д. 15, корп. а";")ООО Гранель Инжиниринг";"-";"Вершинина Екатерина Владимировна e.vershinina@ohrana-neva.ru 8-903-371-11-21";" п/н 7743 Провести обследование ПС для дальнейшего принятия на ТО ПС";" Осадчий Андрей Валентинович 8-926-640-91-71";"назначено";"шатохин 02.02";"-";"Mon Feb 02 2026 16:00:00 GMT-0500 (Eastern Standard Time)";"55.95677509999999";"37.6810813";"-";"-";"-"
"30.01.2026";"Московская обл., г. Балашиха, ш. Балашихинское, д.12, пом.2 (";")ООО Гранель Инжиниринг";"-";"Вершинина Екатерина Владимировна e.vershinina@ohrana-neva.ru 8-903-371-11-21";"137369  Провести обследование ПС для дальнейшего принятия на ТО ПС";"Попов Александр Юрьевич 8-903-999-93-23";"назначено";"шатохин 30.01";"-";"Fri Jan 30 2026 16:00:00 GMT-0500 (Eastern Standard Time)";"55.8226393";"37.9324453";"-";"-";"-"
"30.01.2026";"Московская обл., г. Балашиха, ул. Дмитриева, дмвл. 23 (Котельная)";")ООО Гранель Инжиниринг";"-";"Вершинина Екатерина Владимировна e.vershinina@ohrana-neva.ru 8-903-371-11-21";"137370  Провести обследование ПС для дальнейшего принятия на ТО ПС";") Попов Александр Юрьевич 8-903-999-93-23";"назначено";"шатохин 30.01";"-";"Fri Jan 30 2026 16:00:00 GMT-0500 (Eastern Standard Time)";"55.8337833";"37.9264286";"-";"-";"-"
"30.01.2026";"Московская обл., г. Мытищи, бульвар Тенистый. стр.15А/1 (КОС) ";")ООО Гранель Инжиниринг";"-";"Вершинина Екатерина Владимировна e.vershinina@ohrana-neva.ru 8-903-371-11-21";"137513 Провести обследование ПС для дальнейшего принятия на ТО ПС";" Осадчий Андрей Валентинович 8-926-640-91-71";"назначено";"шатохин 02.02";"-";"Mon Feb 02 2026 16:00:00 GMT-0500 (Eastern Standard Time)";"55.95677509999999";"37.6810813";"-";"-";"-"
"30.01.2026";"г. Мытищи, бульвар Тенистый, д. 23 (КОС ВКХ ИМ";")ООО Гранель Инжиниринг";"-";"Вершинина Екатерина Владимировна e.vershinina@ohrana-neva.ru 8-903-371-11-21";"137517  Провести обследование ПС для дальнейшего принятия на ТО ПС";" Осадчий Андрей Валентинович 8-926-640-91-71";"назначено";"шатохин 02.02";"-";"Mon Feb 02 2026 16:00:00 GMT-0500 (Eastern Standard Time)";"55.9555126";"37.6863874";"-";"-";"-"
"30.01.2026";"Московская обл., г. Долгопрудный, ул. Молодежная, д. 9, корп. А ";")ООО Гранель Инжиниринг";"-";"Вершинина Екатерина Владимировна e.vershinina@ohrana-neva.ru 8-903-371-11-21";"90022  Провести обследование ПС для дальнейшего принятия на ТО ПС";"Малиновский Евгений Андреевич 8-926-850-38-80";"назначено";"шатохин 04.02";"-";"Wed Feb 04 2026 16:00:00 GMT-0500 (Eastern Standard Time)";"55.93986599999999";"37.490532";"-";"-";"-"
"30.01.2026";"Московская обл., г.о. Красногорск, рп Нахабино, ул. Покровская, д. 1, стр. 2 (";")ООО Гранель Инжиниринг";"-";"Вершинина Екатерина Владимировна e.vershinina@ohrana-neva.ru 8-903-371-11-21";"90030  Провести обследование ПС для дальнейшего принятия на ТО ПС";"  Убакуненко Денис Геннадьевич 8-999-740-40-77";"назначено";"дурновцев 02.02";"-";"Mon Feb 02 2026 16:00:00 GMT-0500 (Eastern Standard Time)";"55.8437407";"37.1722593";"-";"-";"-"
"30.01.2026";"Московская область, Ленинский городской округ, вблизи д. Жабкино и д. Спасское 55.546771, 37.654886 (";")ООО Гранель Инжиниринг";"-";"Вершинина Екатерина Владимировна e.vershinina@ohrana-neva.ru 8-903-371-11-21";"151500  Провести обследование ПС для дальнейшего принятия на ТО ПС";"Четвертак Борис Николаевич 8-909-918-33-99";"назначено";"ковалев 02.02";"-";"Mon Feb 02 2026 16:00:00 GMT-0500 (Eastern Standard Time)";"55.5503553";"37.6627443";"-";"-";"-"
"30.01.2026";"Московская обл., р-н Ленинский, рп Лопатино, ул. Сухановская, д. 4, стр.1 (Котельная)";")ООО Гранель Инжиниринг";"-";"Вершинина Екатерина Владимировна e.vershinina@ohrana-neva.ru 8-903-371-11-21";"137489 Провести обследование ПС для дальнейшего принятия на ТО ПС";") Четвертак Борис Николаевич 8-909-918-33-99";"назначено";"ковалев 03.02";"-";"Tue Feb 03 2026 16:00:00 GMT-0500 (Eastern Standard Time)";"55.536567";"37.635062";"-";"-";"-"
"30.01.2026";"г. Мытищи, Тенистый б-р, д. 15, корп. А ";")ООО Гранель Инжиниринг";"-";"Вершинина Екатерина Владимировна e.vershinina@ohrana-neva.ru 8-903-371-11-21";"137512  Провести обследование ПС для дальнейшего принятия на ТО ПС";" Малиновский Евгений Андреевич 8-926-850-38-80";"назначено";"шатохин 02.02";"-";"Mon Feb 02 2026 16:00:00 GMT-0500 (Eastern Standard Time)";"55.95677509999999";"37.6810813";"-";"-";"-"
"30.01.2026";"Московская область, г. Королёв, ул. Полевая (Болшево мкр), д. 9, стр. 1";")ООО Гранель Инжиниринг";"-";"Вершинина Екатерина Владимировна e.vershinina@ohrana-neva.ru 8-903-371-11-21";"137514 ) Провести обследование ПС для дальнейшего принятия на ТО ПС";" Малиновский Евгений Андреевич 8-926-850-38-80";"назначено";"шатохин 02.02";"-";"Mon Feb 02 2026 16:00:00 GMT-0500 (Eastern Standard Time)";"55.9316797";"37.8518552";"-";"-";"-"
"30.01.2026";"Московская область, г. Красногорск, село Николо-Урюпино, ул. Ясная, д. 3 (";")ООО Гранель Инжиниринг";"-";"Вершинина Екатерина Владимировна e.vershinina@ohrana-neva.ru 8-903-371-11-21";"138908  Провести обследование ПС для дальнейшего принятия на ТО ПС";"Четвертак Борис Николаевич 8-909-918-33-99";"назначено";"дурновцев 02.02";"-";"Mon Feb 02 2026 16:00:00 GMT-0500 (Eastern Standard Time)";"55.8022368";"37.2062778";"-";"-";"-"
"30.01.2026";"Московская область, Одинцовский район, дер. Малые Вязёмы, мкр. Высокие жаворонки, д.19 (ВЗУ ВКХ ВЖ)";")ООО Гранель Инжиниринг";"-";"Вершинина Екатерина Владимировна e.vershinina@ohrana-neva.ru 8-903-371-11-21";"1737 Провести обследование ПС для дальнейшего принятия на ТО ПС";" Горбачева Ирина Николаевна  8-909-910-20-24";"назначено";"даниелян 30.01";"-";"Fri Jan 30 2026 16:00:00 GMT-0500 (Eastern Standard Time)";"-";"-";"-";"-";"-"
"30.01.2026";"Московская обл., г. Балашиха, ул. Трубецкая, д. 30, корп. А (К";")ООО Гранель Инжиниринг";"-";"Вершинина Екатерина Владимировна e.vershinina@ohrana-neva.ru 8-903-371-11-21";"90025  Провести обследование ПС для дальнейшего принятия на ТО ПС";"Пустовит Ирина Олеговна, 8-924-377-44-29";"назначено";"шатохин 30.01";"-";"Fri Jan 30 2026 16:00:00 GMT-0500 (Eastern Standard Time)";"55.8363139";"37.9585093";"-";"-";"-"
"30.01.2026";"Московская область, г. Королёв, ул. Горького, д. 79, стр.";")ООО Гранель Инжиниринг";"-";"Вершинина Екатерина Владимировна e.vershinina@ohrana-neva.ru 8-903-371-11-21";"137515  Провести обследование ПС для дальнейшего принятия на ТО ПС";"Малиновский Евгений Андреевич 8-926-850-38-80";"назначено";"шатохин 02.02";"-";"Mon Feb 02 2026 16:00:00 GMT-0500 (Eastern Standard Time)";"55.919702";"37.8832083";"-";"-";"-"
"02.02.2026";"Московская область, г.о. Пушкинский, д. Митрополье, территория Дмитровско-Ярославский перегон, земельный участок №7";", склад №2 ";"-";"Бессараб + Марк";"ПС мониторинг	ПС обслужива-ние	Проект";"Станислав 89614846073)  на случай если не будет брать трубку или другие затруднения по связи созвониться с менеджером! 89184145889";"назначено";"шатохин 02.02";"-";"Mon Feb 02 2026 16:00:00 GMT-0500 (Eastern Standard Time)";"56.1411574";"37.8653654";"-";"-";"-"
"02.02.2026";"г. Москва ул. Очаковское шоссе 3а ";"(Ома Комьюнити-центр)";"Аминьевская";"Лагунов Иван Дмитриевич, i.lagunov@ohrana-neva.ru, 89181159540";"Необходимо сделать обследование по ПС на предмет взятия на техническое обслуживание в случае если есть недоработки необходимо составить перечень оборудования для их устранения";"7 965 155-01-11 Ася";"назначено";"гагик 02.02";"-";"Mon Feb 02 2026 16:00:00 GMT-0500 (Eastern Standard Time)";"55.6966061";"37.4607574";"-";"-";"-"
"02.02.2026";" Москва, улица Гарибальди, 36, ";"Аквариумный магазин ""Рыбка дома""";"Новые Черёмушки";" Ильина Надежда Викторовна , n.ilina@ohrana-neva.ru, +79263818756 .";"Необходимо провести обследование помещения, для установки СКУД, клиент хочет, чтоб у каждого сотрудника были свои ключ карты и при прикладывании их клиент мог в приложении отслеживать кто во сколько приходит и уходит. И на месте нужно посмотреть как это можно связать с охраной - с датчиком открытия двери. Как это будет выглядеть и работать. Рассчитать новый монтаж ОСТС + СКУД";"7 977 336 9677 Номер магазина";"назначено";"сорокин 03.02";"-";"Tue Feb 03 2026 16:00:00 GMT-0500 (Eastern Standard Time)";"55.66892970000001";"37.5594193";"-";"-";"-"
"02.02.2026";"Москва ул. Липовой рощи д. 2 к. 1";"Барбершоп чёрная кость";"Строгино";"Менеджер Моторин Александр";"п/н 135179   Наш действующий клиент по охране  Сейчас обслуживается в другой компании по то пс  Нужно взять на то пс к нам в компанию";"79852170120 Виктор";"назначено";"дурновцев 03.02";"-";"Tue Feb 03 2026 16:00:00 GMT-0500 (Eastern Standard Time)";"55.7998866";"37.3772224";"-";"-";"-"
"02.02.2026";"  Москва , Кантемировская ул., 7, корп. 1,";"Зоосалон «Лама»";"Кантемировская";"Ильина Надежда Викторовна , n.ilina@ohrana-neva.ru, +79263818756 .";"еобходимо провести обследование помещения, для установки СКУД, клиент хочет, чтоб у каждого сотрудника были свои ключ карты и при прикладывании их клиент мог в приложении отслеживать кто во сколько приходит и уходит. И на месте нужно посмотреть как это можно связать с охраной - с датчиком открытия двери. Как это будет выглядеть и работать. Рассчитать новый монтаж ОСТС + СКУД";"7 929 624 0734 Номер зоосалона ";"назначено";"новгородцев 03.02";"-";"Tue Feb 03 2026 16:00:00 GMT-0500 (Eastern Standard Time)";"55.6359775";"37.6728491";"-";"-";"-"
"03.02.2026";"Москва, улица Нижние Мнёвники, 16,  корус 1 и  корпус 2 ";"ЖК Остров 2";"Молодёжная";"-";"обследование 2х объеков в соседних корпусках на ОС и ТС ";"отв 89174112755 Элина ";"назначено";"гагик 03.02";"-";"Tue Feb 03 2026 16:00:00 GMT-0500 (Eastern Standard Time)";"55.74818459999999";"37.427323";"-";"-";"-"
"03.02.2026";"г. Москва, ул. Большая Филёвская, д. 49, к. 2 ";"Кладовка ""Складно""";"Пионерская";"- Гаук Евгений Михайлович 8-936-555-12-44 / 8-977-393-94-62";"Обследовать на предмет нового монтажа ПС. Обязательно заложить Норд GSM для дальнейшего мониторинга ПС, модуль ethernet для связи и УК-ВК/02 вместе с работами по программированию и прокладки кабеля, для дальнейшего автоматического размыкания эвакуационных дверей (и закрытия заслонок вентиляции при срабатывании ПС, если она будет).";"Александр +79851634779";"назначено";"насим 05.02";"-";"Thu Feb 05 2026 16:00:00 GMT-0500 (Eastern Standard Time)";"55.7393632";"37.4729149";"-";"-";"-"
"03.02.2026";"Москва, ул. Новомарьинская, дом 36, корп. 1";"Мини ТЦ/Гастроном/Офисы.";"Братиславская";"Евгений Александрович Христенко. 8-906-753-62-55, hristenkoeu@yandex.ru";"Обследование на предмет установки ПС. Возможно и ОС.";"Михаил - +7 987 751-01-78";"назначено";"новгородцев 05.02. к 11 ";"-";"Thu Feb 05 2026 16:00:00 GMT-0500 (Eastern Standard Time)";"55.6606227";"37.7727825";"-";"-";"-"
"03.02.2026";"г.Москва, Игарский проезд д.8";"""ОФИС""";"Свиблово";"Рощин Сергей Сергеевич ";"ОС - провод, ";"Циала 8915 051 4513";"назначено";"щукин 04.02";"-";"Wed Feb 04 2026 16:00:00 GMT-0500 (Eastern Standard Time)";"55.8577865";"37.64578729999999";"-";"-";"-"
"03.02.2026";"Москва, ул. Домодедовская, дом 44";"Гастроном.";"Домодедовская";" Евгений Александрович Христенко. 8-906-753-62-55, hristenkoeu@yandex.ru";"Объект стоит у нас на ТО ПС. Там также установлена и охранная организация (один из арендаторов установил, но сейчас уже съехал) Обследование на предмет принятия ОС на наш пульт.";" Вячеслав - +7-916-807-28-82";"не назначено";"с 09.02 ";"-";"Mon Feb 09 2026 16:00:00 GMT-0500 (Eastern Standard Time)";"55.60146599999999";"37.714607";"-";"-";"-"
"04.02.2026";" Балашиха деревня Дятловка вл 57а ";"(Склад)";"Балашиха";"Сафин Максим Сергеевич  Мобильный телефон: +7 (999) 628-70-15";"Требуется обследование на предмет установки ОСТС.";"Кл +7 (925) 365-38-48 Валентин";"не назначено";"-";"-";"-";"55.729999";"38.071161";"-";"-";"-"
"04.02.2026";"г. Москва, Мневники улица, д. 21";"Кафе/ресторан chacha";"Народное Ополчение";"Ильина Надежда Викторовна , n.ilina@ohrana-neva.ru, +79263818756 .";"Необходимо провести обследование уже имеющейся ПС. Рассмотреть возможность  принятия ее на ТО ПС. Расчитать монтаж новой ПС.";"-";"назначено";"насим 04.02";"-";"Wed Feb 04 2026 16:00:00 GMT-0500 (Eastern Standard Time)";"55.7738719";"37.4811233";"-";"-";"-"
"04.02.2026";"г. Москва ул Недорубова 12";"детский центр";"Некрасовка";" Хорзов Сергей Валерьевич 89053925566 s.horzov@ohrana-neva.ru";"У клиента имеется ОС но не знает в каком она состоянии и не может прислать фото оборудования. Нужно посмотреть на предмет переключения и сделать обследование по ПС если имеется то для взятия на ТО и если нет то посчитать новый комплект для установки";"Наталья Александровна 89167197758  ";"назначено";"шатохин 06.02";"-";"Fri Feb 06 2026 16:00:00 GMT-0500 (Eastern Standard Time)";"55.7015647";"37.934124";"-";"-";"-"
"04.02.2026";"МОСКОВСКАЯ ОБЛ, КРАСНОГОРСК Г.О. ПГТ. НАХАБИНО,ТЕР. ТЕХНОПАРК ЮЖНЫЙ, СТР. 18..";" ПЭК";"Красногорск";"Гаврилова / мен Епуре А.А. ";"ОБСЛЕДОВАНИЕ ОС ТС мат полная (провод) ";"отв Александр +7 (981) 750-91-47";"назначено";"шатохин СРОЧНО НА 05.02.2026 ";"-";"Thu Feb 05 2026 16:00:00 GMT-0500 (Eastern Standard Time)";"55.8437407";"37.1722593";"-";"-";"-"
"04.02.2026";" Химки, Горшина д1";"Пекарня Пять хлебов";"Химки";"Сибгатова Надежда Сергеевна, n.sibgatova@ohrana-neva.ru, 89884646782";"Прошу провести обследование ОС и ПС, можем ли взять на ТО ПС";"Евсеев Михаил Вячеславович/+7 985 991-41-94";"назначено";"шатохин 04.02";"-";"Wed Feb 04 2026 16:00:00 GMT-0500 (Eastern Standard Time)";"55.8880794";"37.4302264";"-";"-";"-"
"04.02.2026";" Москва г, вн.тер.г. муниципальный округ Лосиноостровский, ул Коминтерна, д. 15";"Компьютерный клуб";"Бабушкинская";"Михайлова Екатерина Сергеевна 89880297991 e.mihailova@ohrana-neva.ru";"п/н  139545 Просьба рассчитать новую установку ПС клиенту на этом объекте";"Андрей Сергеевич Бирюлин +7 923 316 4333";"назначено";"щукин 05.02";"-";"Thu Feb 05 2026 16:00:00 GMT-0500 (Eastern Standard Time)";"55.8713127";"37.6897031";"-";"-";"-"
"05.02.2026";" г. Москва, проезд Нижнелихоборовский 3-й, д 1а, стр 6, ";"Офис";"Окружная";" Бурлакова Дарья Михайловна d.burlakova@ohrana-neva.ru 8-927-519-23-15";"У Клиента есть ПС и ОС всё в собственности , но со слов клиента ПС в недоработке , просит сделать обследование ПС , чтобы взять в работу по Госту  ";" Савенко Ярослав Иванович  7 968 030 02 31";"назначено";"насим 06.02";"-";"Fri Feb 06 2026 16:00:00 GMT-0500 (Eastern Standard Time)";"55.846521";"37.563459";"-";"-";"-"
"05.02.2026";" МО, г.о.Пушкинский, д.п. Черкизово, ул. Вокзальная д.1";"Аптека ""Мозаика""";"-";" Евгений Александрович Христенко. 8-906-753-62-55, hristenkoeu@yandex.ru";" Обследование на предмет установки ОС, ТС и ПС";"Владимир - +7 925 321 0767 ";"не назначено";"-";"-";"-";"55.9629244";"37.8085165";"-";"-";"-"
"05.02.2026";" Москва, Краснопрудная ул., 26";"Пайпс кафе ";"Красносельская";"Дурновцев Никита +7 923 392 6000";"Обследова ПС НА то и мониторинг , и посмотреть тревожку";"89853333023";"назначено";"насим 05.02";"-";"Thu Feb 05 2026 16:00:00 GMT-0500 (Eastern Standard Time)";"55.7797403";"37.6672274";"-";"-";"-"
"05.02.2026";" г. Москва, Верхние Поля, 28, ";"Детский центр Разноцветные цыплята";"Братиславская";" Берёзко Татьяна Александровна 89046339356 t.berezko@ohrana-neva.ru";"Необходимо обследование ПС, проекта нет, перемонтаж ( хотят использовать свое оборудование- объяснить что нужна полная замена). Прошу запланировать выезд на вт 10.02 с 12:30 до 14. Дополнительно связаться с клиентом";"-";"не назначено";"Mon Feb 09 2026 16:00:00 GMT-0500 (Eastern Standard Time)";"-";"Tue Feb 10 2026 16:00:00 GMT-0500 (Eastern Standard Time)";"55.6664714";"37.7559572";"-";"-";"-"
"05.02.2026";"Москва, проезд Остаповский д 9 стр 6";" Автосервис";"Новохохловская";"Ильина Надежда Викторовна , n.ilina@ohrana-neva.ru, +79263818756 .";"Необходимо провести обследование уже имеющейся ОСТС, она у клиента в собственности, но сказал, что барахлят пару датчиков ""допотопных"" поэтому просьба произвести осмотр и сказать какие датчики надо заменить.";"7 925 517-00-68  Егор Леонидович";"назначено";"сорокин 06.02";"-";"Fri Feb 06 2026 16:00:00 GMT-0500 (Eastern Standard Time)";"55.720287";"37.711167";"-";"-";"-"
"05.02.2026";"Красногорск, ул. Успенская 24 а";"фитнес центр";"-";"Зиганчин Николай 89188939994";"ОС	ТС	ПС мониторинг Три этажа. Нужна сигнализация на первом этаже. Так же просил подключить мониторинг ПС. Заранее созвониться с клиентом					  ";"89142743649 Евгений";"назначено";"шатохин 06.02";"-";"Fri Feb 06 2026 16:00:00 GMT-0500 (Eastern Standard Time)";"55.831095";"37.292431";"-";"-";"-"
"06.02.2026";"Москва, ул. Академика Волгина,, дом 2";"Кафе ""ВОСТОК""";"Университет Дружбы Народов";"Евгений Александрович Христенко. 8-906-753-62-55, hristenkoeu@yandex.ru ";"Обследование на предмет установки ПС. Надо сделать как можно быстрее, это наш постоянный клиент, к нему МЧС скоро придет ";"Бахтияр - +7-926-272-00-73 .                                   - +7-903-154-27-73";"назначено";"-";"-";"-";"55.6549816";"37.5217876";"-";"-";"-"
"06.02.2026";"Москва, пр-д Нансена, дом 1";"тех центр Гараж";"Свиблово";"Евгений Александрович Христенко. 8-906-753-62-55, hristenkoeu@yandex.ru ";"Обьект стоит под охраной у Дельты. Оборудование в собственности клиента. Обследование на предмет переключения обьекта к нам на пульт.";"Николай - +7-985-307-30-33";"не назначено";"-";"-";"-";"55.84877849999999";"37.6529151";"-";"-";"-"
